park,parkLabel,followers,year
http://www.wikidata.org/entity/Q261577,Глейшер-Бей,43375,2021
http://www.wikidata.org/entity/Q261577,Глейшер-Бей,37857,2020
http://www.wikidata.org/entity/Q273195,Карлсбадские пещеры,8043,2018
http://www.wikidata.org/entity/Q273195,Карлсбадские пещеры,10821,2021
http://www.wikidata.org/entity/Q273195,Карлсбадские пещеры,12509,2022
http://www.wikidata.org/entity/Q273195,Карлсбадские пещеры,13719,2023
http://www.wikidata.org/entity/Q274131,Эверглейдс,37917,2021
http://www.wikidata.org/entity/Q274131,Эверглейдс,65398,2023
http://www.wikidata.org/entity/Q274131,Эверглейдс,32186,2020
http://www.wikidata.org/entity/Q274131,Эверглейдс,54714,2022
http://www.wikidata.org/entity/Q305949,Петрифайд-Форест,34871,2018
http://www.wikidata.org/entity/Q305949,Петрифайд-Форест,79471,2023
http://www.wikidata.org/entity/Q305949,Петрифайд-Форест,46516,2021
http://www.wikidata.org/entity/Q305949,Петрифайд-Форест,59147,2022
http://www.wikidata.org/entity/Q306193,Острова Чаннел,5575,2020
http://www.wikidata.org/entity/Q306193,Острова Чаннел,6095,2021
http://www.wikidata.org/entity/Q306216,Бэдлендс,189855,2022
http://www.wikidata.org/entity/Q306216,Бэдлендс,200550,2020
http://www.wikidata.org/entity/Q306216,Бэдлендс,174316,2023
http://www.wikidata.org/entity/Q306216,Бэдлендс,195506,2021
http://www.wikidata.org/entity/Q3364499,Forêts National Park,1147,2020
http://www.wikidata.org/entity/Q3364499,Forêts National Park,1328,2021
http://www.wikidata.org/entity/Q351,Йеллоустонский национальный парк,844224,2021
http://www.wikidata.org/entity/Q351,Йеллоустонский национальный парк,879237,2022
http://www.wikidata.org/entity/Q351,Йеллоустонский национальный парк,970499,2023
http://www.wikidata.org/entity/Q351,Йеллоустонский национальный парк,837100,2020
http://www.wikidata.org/entity/Q370501,Гуадалупе-Маунтинс,5600,2021
http://www.wikidata.org/entity/Q370501,Гуадалупе-Маунтинс,4333,2018
http://www.wikidata.org/entity/Q372093,Олимпик,41812,2023
http://www.wikidata.org/entity/Q372093,Олимпик,37111,2022
http://www.wikidata.org/entity/Q372093,Олимпик,17256,2018
http://www.wikidata.org/entity/Q372093,Олимпик,28421,2021
http://www.wikidata.org/entity/Q373567,Глейшер,308716,2022
http://www.wikidata.org/entity/Q373567,Глейшер,345068,2023
http://www.wikidata.org/entity/Q373567,Глейшер,284866,2021
http://www.wikidata.org/entity/Q388279,Пор-Кро (национальный парк),3502,2021
http://www.wikidata.org/entity/Q388279,Пор-Кро (национальный парк),3340,2020
http://www.wikidata.org/entity/Q464004,Национальный парк Грейт-Смоки-Маунтинс,112713,2023
http://www.wikidata.org/entity/Q464004,Национальный парк Грейт-Смоки-Маунтинс,81557,2021
http://www.wikidata.org/entity/Q464004,Национальный парк Грейт-Смоки-Маунтинс,68963,2020
http://www.wikidata.org/entity/Q464004,Национальный парк Грейт-Смоки-Маунтинс,95965,2022
http://www.wikidata.org/entity/Q476446,Экрен,1696,2018
http://www.wikidata.org/entity/Q476446,Экрен,2620,2021
http://www.wikidata.org/entity/Q476446,Экрен,5556,2023
http://www.wikidata.org/entity/Q541856,Каньонлендс,95843,2023
http://www.wikidata.org/entity/Q541856,Каньонлендс,71886,2021
http://www.wikidata.org/entity/Q541856,Каньонлендс,86427,2022
http://www.wikidata.org/entity/Q605657,Гейтс-оф-те-Арктик,22131,2022
http://www.wikidata.org/entity/Q605657,Гейтс-оф-те-Арктик,21821,2021
http://www.wikidata.org/entity/Q605657,Гейтс-оф-те-Арктик,21769,2023
http://www.wikidata.org/entity/Q609902,Катмай,83537,2021
http://www.wikidata.org/entity/Q609902,Катмай,139582,2023
http://www.wikidata.org/entity/Q609902,Катмай,58786,2020
http://www.wikidata.org/entity/Q609902,Катмай,105230,2022
http://www.wikidata.org/entity/Q707427,Тароко,7050,2025
http://www.wikidata.org/entity/Q712296,Озеро Кларк,34802,2021
http://www.wikidata.org/entity/Q712296,Озеро Кларк,40263,2023
http://www.wikidata.org/entity/Q712296,Озеро Кларк,38161,2022
http://www.wikidata.org/entity/Q748597,Рангел — Сент-Элайас,22966,2023
http://www.wikidata.org/entity/Q748597,Рангел — Сент-Элайас,20142,2022
http://www.wikidata.org/entity/Q748597,Рангел — Сент-Элайас,16179,2021
http://www.wikidata.org/entity/Q748597,Рангел — Сент-Элайас,14929,2020
http://www.wikidata.org/entity/Q777183,Роки-Маунтин,76909,2023
http://www.wikidata.org/entity/Q777183,Роки-Маунтин,63505,2022
http://www.wikidata.org/entity/Q777183,Роки-Маунтин,51838,2021
http://www.wikidata.org/entity/Q777183,Роки-Маунтин,44406,2020
http://www.wikidata.org/entity/Q841503,Кенай-Фьордс,34656,2021
http://www.wikidata.org/entity/Q841503,Кенай-Фьордс,33327,2020
http://www.wikidata.org/entity/Q841503,Кенай-Фьордс,34523,2023
http://www.wikidata.org/entity/Q841503,Кенай-Фьордс,35202,2022
http://www.wikidata.org/entity/Q843075,Американское Самоа,1925,2021
http://www.wikidata.org/entity/Q843075,Американское Самоа,1411,2018
http://www.wikidata.org/entity/Q866080,Бискейн (национальный парк),20059,2023
http://www.wikidata.org/entity/Q866080,Бискейн (национальный парк),18670,2021
http://www.wikidata.org/entity/Q866080,Бискейн (национальный парк),20385,2022
http://www.wikidata.org/entity/Q936623,Кингс-Каньон,162490,2023
http://www.wikidata.org/entity/Q936623,Кингс-Каньон,133869,2022
http://www.wikidata.org/entity/Q936623,Кингс-Каньон,93110,2021
http://www.wikidata.org/entity/Q944329,Маунт-Рейнир,36400,2018
http://www.wikidata.org/entity/Q944329,Маунт-Рейнир,86856,2023
http://www.wikidata.org/entity/Q944329,Маунт-Рейнир,58127,2021
http://www.wikidata.org/entity/Q944329,Маунт-Рейнир,72342,2022
http://www.wikidata.org/entity/Q609902,Катмай,5000,2025
http://www.wikidata.org/entity/Q1028479,Guadeloupe National Park,1160,2020
http://www.wikidata.org/entity/Q1028479,Guadeloupe National Park,1334,2021
http://www.wikidata.org/entity/Q1137401,Шенандоа,38923,2022
http://www.wikidata.org/entity/Q1137401,Шенандоа,42209,2023
http://www.wikidata.org/entity/Q1137401,Шенандоа,34132,2021
http://www.wikidata.org/entity/Q1137640,Халеакала,11279,2023
http://www.wikidata.org/entity/Q1137640,Халеакала,11402,2022
http://www.wikidata.org/entity/Q1137640,Халеакала,10754,2021
http://www.wikidata.org/entity/Q1137657,Грейт-Бейсин,38818,2020
http://www.wikidata.org/entity/Q1137657,Грейт-Бейсин,47725,2023
http://www.wikidata.org/entity/Q1137657,Грейт-Бейсин,41609,2021
http://www.wikidata.org/entity/Q1137657,Грейт-Бейсин,46930,2022
http://www.wikidata.org/entity/Q1143655,Драй-Тортугас,26052,2022
http://www.wikidata.org/entity/Q1143655,Драй-Тортугас,20499,2021
http://www.wikidata.org/entity/Q1143655,Драй-Тортугас,29493,2023
http://www.wikidata.org/entity/Q1163542,Лассен-Волканик,40185,2021
http://www.wikidata.org/entity/Q1163542,Лассен-Волканик,49856,2023
http://www.wikidata.org/entity/Q1163542,Лассен-Волканик,45277,2022
http://www.wikidata.org/entity/Q1163542,Лассен-Волканик,37118,2020
http://www.wikidata.org/entity/Q1163799,Норт-Каскейдс,23121,2020
http://www.wikidata.org/entity/Q1163799,Норт-Каскейдс,26224,2021
http://www.wikidata.org/entity/Q1163799,Норт-Каскейдс,33987,2023
http://www.wikidata.org/entity/Q1163799,Норт-Каскейдс,30269,2022
http://www.wikidata.org/entity/Q129902,Капитол-Риф,62000,2022
http://www.wikidata.org/entity/Q129902,Капитол-Риф,50886,2021
http://www.wikidata.org/entity/Q129902,Капитол-Риф,67511,2023
http://www.wikidata.org/entity/Q129902,Капитол-Риф,45898,2020
http://www.wikidata.org/entity/Q1334313,Уинд,2511,2020
http://www.wikidata.org/entity/Q1334313,Уинд,2702,2021
http://www.wikidata.org/entity/Q1368807,Севенны,1804,2021
http://www.wikidata.org/entity/Q1368807,Севенны,2968,2023
http://www.wikidata.org/entity/Q1368807,Севенны,1326,2020
http://www.wikidata.org/entity/Q140033,Гленвех,2526,2023
http://www.wikidata.org/entity/Q152660,Секвойя,162470,2023
http://www.wikidata.org/entity/Q152660,Секвойя,93107,2021
http://www.wikidata.org/entity/Q152660,Секвойя,129321,2022
http://www.wikidata.org/entity/Q152820,Кайахога-Валли,13279,2023
http://www.wikidata.org/entity/Q152820,Кайахога-Валли,10097,2020
http://www.wikidata.org/entity/Q152820,Кайахога-Валли,10918,2021
http://www.wikidata.org/entity/Q152820,Кайахога-Валли,12200,2022
http://www.wikidata.org/entity/Q1535042,Меркантур,3553,2021
http://www.wikidata.org/entity/Q1535042,Меркантур,2737,2018
http://www.wikidata.org/entity/Q174250,Вануаз,2579,2021
http://www.wikidata.org/entity/Q174250,Вануаз,1956,2018
http://www.wikidata.org/entity/Q175688,Конгари,202389,2022
http://www.wikidata.org/entity/Q175688,Конгари,200558,2023
http://www.wikidata.org/entity/Q175688,Конгари,204562,2021
http://www.wikidata.org/entity/Q175688,Конгари,209292,2020
http://www.wikidata.org/entity/Q1783768,Pinnacles National Park,27492,2021
http://www.wikidata.org/entity/Q1783768,Pinnacles National Park,30671,2023
http://www.wikidata.org/entity/Q1783768,Pinnacles National Park,30617,2022
http://www.wikidata.org/entity/Q1783768,Pinnacles National Park,24288,2018
http://www.wikidata.org/entity/Q180402,Йосемити,757583,2022
http://www.wikidata.org/entity/Q180402,Йосемити,49400,2024
http://www.wikidata.org/entity/Q180402,Йосемити,50900,2025
http://www.wikidata.org/entity/Q180402,Йосемити,729692,2021
http://www.wikidata.org/entity/Q180402,Йосемити,786100,2023
http://www.wikidata.org/entity/Q192764,Казиранга,29976,2023
http://www.wikidata.org/entity/Q205325,Зайон,166141,2022
http://www.wikidata.org/entity/Q205325,Зайон,186228,2023
http://www.wikidata.org/entity/Q205325,Зайон,136595,2021
http://www.wikidata.org/entity/Q205952,Хавайи-Волкейнос,38628,2022
http://www.wikidata.org/entity/Q205952,Хавайи-Волкейнос,32414,2021
http://www.wikidata.org/entity/Q205952,Хавайи-Волкейнос,47709,2023
http://www.wikidata.org/entity/Q205952,Хавайи-Волкейнос,14921,2018
http://www.wikidata.org/entity/Q217136,Денали,64569,2020
http://www.wikidata.org/entity/Q217136,Денали,101569,2023
http://www.wikidata.org/entity/Q217136,Денали,88391,2022
http://www.wikidata.org/entity/Q217136,Денали,73169,2021
http://www.wikidata.org/entity/Q219562,Брайс-Каньон,110988,2022
http://www.wikidata.org/entity/Q219562,Брайс-Каньон,89085,2021
http://www.wikidata.org/entity/Q219562,Брайс-Каньон,81060,2020
http://www.wikidata.org/entity/Q219562,Брайс-Каньон,129272,2023
http://www.wikidata.org/entity/Q220289,Гранд-Каньон,254894,2023
http://www.wikidata.org/entity/Q220289,Гранд-Каньон,160272,2021
http://www.wikidata.org/entity/Q220289,Гранд-Каньон,200921,2022
http://www.wikidata.org/entity/Q222695,Гранд-Титон,159143,2023
http://www.wikidata.org/entity/Q222695,Гранд-Титон,103547,2020
http://www.wikidata.org/entity/Q222695,Гранд-Титон,135317,2022
http://www.wikidata.org/entity/Q222695,Гранд-Титон,114536,2021
http://www.wikidata.org/entity/Q223589,Вирунга,5600,2024
http://www.wikidata.org/entity/Q223589,Вирунга,5000,2022
http://www.wikidata.org/entity/Q223589,Вирунга,47034,2022
http://www.wikidata.org/entity/Q223589,Вирунга,5950,2025
http://www.wikidata.org/entity/Q223589,Вирунга,5250,2023
http://www.wikidata.org/entity/Q223589,Вирунга,49753,2023
http://www.wikidata.org/entity/Q223589,Вирунга,41796,2021
http://www.wikidata.org/entity/Q223969,Арки,100203,2021
http://www.wikidata.org/entity/Q223969,Арки,139288,2023
http://www.wikidata.org/entity/Q223969,Арки,122759,2022
http://www.wikidata.org/entity/Q223969,Арки,74964,2018
http://www.wikidata.org/entity/Q242681,Мамонтова пещера,9090,2021
http://www.wikidata.org/entity/Q242681,Мамонтова пещера,14882,2023
http://www.wikidata.org/entity/Q242681,Мамонтова пещера,6315,2018
http://www.wikidata.org/entity/Q242681,Мамонтова пещера,11993,2022
http://www.wikidata.org/entity/Q2600427,Каланки (национальный парк),4448,2020
http://www.wikidata.org/entity/Q2600427,Каланки (национальный парк),8293,2023
http://www.wikidata.org/entity/Q2600427,Каланки (национальный парк),5783,2021
http://www.wikidata.org/entity/Q261577,Глейшер-Бей,66239,2023
http://www.wikidata.org/entity/Q261577,Глейшер-Бей,54368,2022
